run,class,n,accuracy,baseline_accuracy,delta_vs_baseline
erm,dog,772,0.4870,0.4870,0.0000
erm,elephant,740,0.7932,0.7932,0.0000
erm,giraffe,753,0.8088,0.8088,0.0000
erm,guitar,608,0.7204,0.7204,0.0000
erm,horse,816,0.1348,0.1348,0.0000
erm,house,80,0.9250,0.9250,0.0000
erm,person,160,0.3312,0.3312,0.0000
"dan (T2, sees Sketch)",dog,772,0.5453,0.4870,0.0583
"dan (T2, sees Sketch)",elephant,740,0.6770,0.7932,-0.1162
"dan (T2, sees Sketch)",giraffe,753,0.7955,0.8088,-0.0133
"dan (T2, sees Sketch)",guitar,608,0.9704,0.7204,0.2500
"dan (T2, sees Sketch)",horse,816,0.7806,0.1348,0.6458
"dan (T2, sees Sketch)",house,80,1.0000,0.9250,0.0750
"dan (T2, sees Sketch)",person,160,0.9375,0.3312,0.6062
dan_dg (T3),dog,772,0.3627,0.4870,-0.1244
dan_dg (T3),elephant,740,0.3230,0.7932,-0.4703
dan_dg (T3),giraffe,753,0.5139,0.8088,-0.2948
dan_dg (T3),guitar,608,0.7796,0.7204,0.0592
dan_dg (T3),horse,816,0.9375,0.1348,0.8027
dan_dg (T3),house,80,0.9375,0.9250,0.0125
dan_dg (T3),person,160,0.4875,0.3312,0.1562
sam (T3),dog,772,0.3303,0.4870,-0.1567
sam (T3),elephant,740,0.9365,0.7932,0.1432
sam (T3),giraffe,753,0.7477,0.8088,-0.0611
sam (T3),guitar,608,0.9079,0.7204,0.1875
sam (T3),horse,816,0.8162,0.1348,0.6814
sam (T3),house,80,0.8875,0.9250,-0.0375
sam (T3),person,160,0.7250,0.3312,0.3937
dann (T2),dog,772,0.0816,0.4870,-0.4054
dann (T2),elephant,740,0.0027,0.7932,-0.7905
dann (T2),giraffe,753,0.9655,0.8088,0.1567
dann (T2),guitar,608,0.2829,0.7204,-0.4375
dann (T2),horse,816,0.0110,0.1348,-0.1238
dann (T2),house,80,0.0000,0.9250,-0.9250
dann (T2),person,160,0.0000,0.3312,-0.3312
cdan (T2),dog,772,0.6826,0.4870,0.1956
cdan (T2),elephant,740,0.8676,0.7932,0.0743
cdan (T2),giraffe,753,0.5246,0.8088,-0.2842
cdan (T2),guitar,608,0.8273,0.7204,0.1069
cdan (T2),horse,816,0.5453,0.1348,0.4105
cdan (T2),house,80,1.0000,0.9250,0.0750
cdan (T2),person,160,0.1187,0.3312,-0.2125
