run,rho,loss,perturbed_loss,delta,grad_norm
erm,0.0100,0.2103,0.2696,0.0593,5.6516
erm,0.0200,0.2103,0.3322,0.1218,5.6516
erm,0.0500,0.2103,0.5280,0.3176,5.6516
erm,0.1000,0.2103,0.8671,0.6567,5.6516
dan_dg,0.0100,0.1887,0.2426,0.0539,5.1801
dan_dg,0.0200,0.1887,0.3000,0.1113,5.1801
dan_dg,0.0500,0.1887,0.4883,0.2997,5.1801
dan_dg,0.1000,0.1887,0.8957,0.7070,5.1801
sam,0.0100,0.0996,0.1163,0.0167,1.6097
sam,0.0200,0.0996,0.1338,0.0342,1.6097
sam,0.0500,0.0996,0.1907,0.0911,1.6097
sam,0.1000,0.0996,0.2946,0.1950,1.6097
dan_dg_lambda0.1,0.0100,0.2047,0.2707,0.0660,6.3351
dan_dg_lambda0.1,0.0200,0.2047,0.3417,0.1370,6.3351
dan_dg_lambda0.1,0.0500,0.2047,0.5580,0.3533,6.3351
dan_dg_lambda0.1,0.1000,0.2047,0.8691,0.6645,6.3351
dan_dg_lambda10,0.0100,1.4972,1.7521,0.2549,17.6332
dan_dg_lambda10,0.0200,1.4972,2.1383,0.6411,17.6332
dan_dg_lambda10,0.0500,1.4972,3.7713,2.2741,17.6332
dan_dg_lambda10,0.1000,1.4972,7.3728,5.8756,17.6332
