model,intervention,normalized_stability,consistency
resnet50,grayscale,0.7209,0.9520
resnet50,hue_rot_180,0.7782,0.9640
resnet50,cue_conflict,-0.0465,0.1958
resnet50,patch_shuffle_4x4,0.6214,0.8960
resnet50,translation_8,0.9585,0.9890
resnet50,translation_16,0.9374,0.9880
resnet50,translation_32,0.9109,0.9805
vit_b_16,grayscale,0.7220,0.9700
vit_b_16,hue_rot_180,0.6808,0.9580
vit_b_16,cue_conflict,0.0958,0.4333
vit_b_16,patch_shuffle_4x4,0.6220,0.9260
vit_b_16,translation_8,0.9421,0.9870
vit_b_16,translation_16,0.9702,0.9955
vit_b_16,translation_32,0.9356,0.9885
clip_head,grayscale,0.7475,0.9640
clip_zeroshot,grayscale,0.7475,0.9640
clip_head,hue_rot_180,0.7543,0.9640
clip_zeroshot,hue_rot_180,0.7543,0.9680
clip_head,cue_conflict,0.0301,0.4458
clip_zeroshot,cue_conflict,0.0301,0.4875
clip_head,patch_shuffle_4x4,0.3012,0.8520
clip_zeroshot,patch_shuffle_4x4,0.3012,0.8400
clip_head,translation_8,0.9499,0.9885
clip_zeroshot,translation_8,0.9499,0.9775
clip_head,translation_16,0.9154,0.9850
clip_zeroshot,translation_16,0.9154,0.9770
clip_head,translation_32,0.9210,0.9840
clip_zeroshot,translation_32,0.9210,0.9795
