model,class,accuracy
resnet50,airplane,1.0000
resnet50,bird,0.9600
resnet50,car,0.9600
resnet50,cat,0.9600
resnet50,deer,0.9600
resnet50,dog,0.9800
resnet50,horse,1.0000
resnet50,monkey,1.0000
resnet50,ship,1.0000
resnet50,truck,0.9800
vit_b_16,airplane,0.9800
vit_b_16,bird,0.9400
vit_b_16,car,0.9800
vit_b_16,cat,0.9600
vit_b_16,deer,0.9600
vit_b_16,dog,1.0000
vit_b_16,horse,0.9800
vit_b_16,monkey,1.0000
vit_b_16,ship,1.0000
vit_b_16,truck,0.9800
clip_head,airplane,1.0000
clip_head,bird,1.0000
clip_head,car,0.9400
clip_head,cat,0.9800
clip_head,deer,1.0000
clip_head,dog,0.9800
clip_head,horse,0.9800
clip_head,monkey,1.0000
clip_head,ship,1.0000
clip_head,truck,1.0000
clip_zeroshot,airplane,1.0000
clip_zeroshot,bird,1.0000
clip_zeroshot,car,0.9400
clip_zeroshot,cat,0.8800
clip_zeroshot,deer,0.9600
clip_zeroshot,dog,1.0000
clip_zeroshot,horse,0.9800
clip_zeroshot,monkey,0.9800
clip_zeroshot,ship,1.0000
clip_zeroshot,truck,1.0000
