model,class,clean_pred_frac,shuffled_pred_frac
resnet50,airplane,0.1000,0.0840
resnet50,bird,0.0960,0.1000
resnet50,car,0.0980,0.1160
resnet50,cat,0.1020,0.1000
resnet50,deer,0.0960,0.1220
resnet50,dog,0.1020,0.0920
resnet50,horse,0.1020,0.1000
resnet50,monkey,0.1020,0.0840
resnet50,ship,0.1000,0.1080
resnet50,truck,0.1020,0.0940
vit_b_16,airplane,0.0980,0.1020
vit_b_16,bird,0.0940,0.1000
vit_b_16,car,0.1000,0.1000
vit_b_16,cat,0.0960,0.0960
vit_b_16,deer,0.1000,0.1080
vit_b_16,dog,0.1060,0.1080
vit_b_16,horse,0.1000,0.0900
vit_b_16,monkey,0.1020,0.1000
vit_b_16,ship,0.1040,0.1000
vit_b_16,truck,0.1000,0.0960
clip_head,airplane,0.1020,0.0940
clip_head,bird,0.1000,0.1420
clip_head,car,0.0940,0.1100
clip_head,cat,0.0980,0.0940
clip_head,deer,0.1020,0.0920
clip_head,dog,0.0980,0.0700
clip_head,horse,0.1000,0.0880
clip_head,monkey,0.1000,0.1240
clip_head,ship,0.1000,0.0840
clip_head,truck,0.1060,0.1020
clip_zeroshot,airplane,0.1000,0.0880
clip_zeroshot,bird,0.1040,0.1340
clip_zeroshot,car,0.0940,0.1240
clip_zeroshot,cat,0.0880,0.0820
clip_zeroshot,deer,0.1060,0.1080
clip_zeroshot,dog,0.1000,0.1180
clip_zeroshot,horse,0.1020,0.0920
clip_zeroshot,monkey,0.1000,0.0720
clip_zeroshot,ship,0.1000,0.1000
clip_zeroshot,truck,0.1060,0.0820
