model,pixels,direction,accuracy,accuracy_change,consistency,accuracy_std_over_directions,consistency_std_over_directions
resnet50,0,mean,0.9800,0.0000,1.0000,,
resnet50,8,up,0.9840,0.0040,0.9880,,
resnet50,8,down,0.9800,0.0000,0.9920,,
resnet50,8,left,0.9840,0.0040,0.9860,,
resnet50,8,right,0.9780,-0.0020,0.9900,,
resnet50,8,mean,0.9815,0.0015,0.9890,0.0026,0.0022
resnet50,16,up,0.9780,-0.0020,0.9920,,
resnet50,16,down,0.9840,0.0040,0.9940,,
resnet50,16,left,0.9860,0.0060,0.9860,,
resnet50,16,right,0.9760,-0.0040,0.9800,,
resnet50,16,mean,0.9810,0.0010,0.9880,0.0041,0.0055
resnet50,32,up,0.9760,-0.0040,0.9900,,
resnet50,32,down,0.9680,-0.0120,0.9780,,
resnet50,32,left,0.9840,0.0040,0.9840,,
resnet50,32,right,0.9680,-0.0120,0.9700,,
resnet50,32,mean,0.9740,-0.0060,0.9805,0.0066,0.0074
vit_b_16,0,mean,0.9780,0.0000,1.0000,,
vit_b_16,8,up,0.9820,0.0040,0.9900,,
vit_b_16,8,down,0.9800,0.0020,0.9900,,
vit_b_16,8,left,0.9820,0.0040,0.9840,,
vit_b_16,8,right,0.9820,0.0040,0.9840,,
vit_b_16,8,mean,0.9815,0.0035,0.9870,0.0009,0.0030
vit_b_16,16,up,0.9780,0.0000,0.9980,,
vit_b_16,16,down,0.9760,-0.0020,0.9980,,
vit_b_16,16,left,0.9780,0.0000,0.9960,,
vit_b_16,16,right,0.9760,-0.0020,0.9900,,
vit_b_16,16,mean,0.9770,-0.0010,0.9955,0.0010,0.0033
vit_b_16,32,up,0.9780,0.0000,0.9920,,
vit_b_16,32,down,0.9720,-0.0060,0.9880,,
vit_b_16,32,left,0.9760,-0.0020,0.9860,,
vit_b_16,32,right,0.9680,-0.0100,0.9880,,
vit_b_16,32,mean,0.9735,-0.0045,0.9885,0.0038,0.0022
clip_head,0,mean,0.9880,0.0000,1.0000,,
clip_head,8,up,0.9800,-0.0080,0.9880,,
clip_head,8,down,0.9800,-0.0080,0.9860,,
clip_head,8,left,0.9860,-0.0020,0.9920,,
clip_head,8,right,0.9820,-0.0060,0.9880,,
clip_head,8,mean,0.9820,-0.0060,0.9885,0.0024,0.0022
clip_head,16,up,0.9820,-0.0060,0.9820,,
clip_head,16,down,0.9760,-0.0120,0.9840,,
clip_head,16,left,0.9860,-0.0020,0.9880,,
clip_head,16,right,0.9820,-0.0060,0.9860,,
clip_head,16,mean,0.9815,-0.0065,0.9850,0.0036,0.0022
clip_head,32,up,0.9720,-0.0160,0.9820,,
clip_head,32,down,0.9800,-0.0080,0.9860,,
clip_head,32,left,0.9720,-0.0160,0.9840,,
clip_head,32,right,0.9720,-0.0160,0.9840,,
clip_head,32,mean,0.9740,-0.0140,0.9840,0.0035,0.0014
clip_zeroshot,0,mean,0.9740,0.0000,1.0000,,
clip_zeroshot,8,up,0.9740,0.0000,0.9760,,
clip_zeroshot,8,down,0.9720,-0.0020,0.9820,,
clip_zeroshot,8,left,0.9760,0.0020,0.9760,,
clip_zeroshot,8,right,0.9720,-0.0020,0.9760,,
clip_zeroshot,8,mean,0.9735,-0.0005,0.9775,0.0017,0.0026
clip_zeroshot,16,up,0.9720,-0.0020,0.9780,,
clip_zeroshot,16,down,0.9780,0.0040,0.9820,,
clip_zeroshot,16,left,0.9720,-0.0020,0.9720,,
clip_zeroshot,16,right,0.9700,-0.0040,0.9760,,
clip_zeroshot,16,mean,0.9730,-0.0010,0.9770,0.0030,0.0036
clip_zeroshot,32,up,0.9640,-0.0100,0.9860,,
clip_zeroshot,32,down,0.9700,-0.0040,0.9820,,
clip_zeroshot,32,left,0.9560,-0.0180,0.9720,,
clip_zeroshot,32,right,0.9580,-0.0160,0.9780,,
clip_zeroshot,32,mean,0.9620,-0.0120,0.9795,0.0055,0.0052
