group,model,n_shape,n_texture,n_other,n_total,shape_bias_pct,coverage_pct
shape=airplane/texture=cat,resnet50,0,1,19,20,0.0000,5.0000
shape=airplane/texture=cat,vit_b_16,7,5,8,20,58.3333,60.0000
shape=airplane/texture=cat,clip_head,8,0,12,20,100.0000,40.0000
shape=airplane/texture=cat,clip_zeroshot,10,0,10,20,100.0000,50.0000
shape=airplane/texture=horse,resnet50,0,0,20,20,,0.0000
shape=airplane/texture=horse,vit_b_16,5,1,14,20,83.3333,30.0000
shape=airplane/texture=horse,clip_head,7,1,12,20,87.5000,40.0000
shape=airplane/texture=horse,clip_zeroshot,7,2,11,20,77.7778,45.0000
shape=bird/texture=car,resnet50,12,2,6,20,85.7143,70.0000
shape=bird/texture=car,vit_b_16,14,1,5,20,93.3333,75.0000
shape=bird/texture=car,clip_head,16,1,3,20,94.1176,85.0000
shape=bird/texture=car,clip_zeroshot,13,0,7,20,100.0000,65.0000
shape=car/texture=bird,resnet50,4,8,8,20,33.3333,60.0000
shape=car/texture=bird,vit_b_16,11,3,6,20,78.5714,70.0000
shape=car/texture=bird,clip_head,11,2,7,20,84.6154,65.0000
shape=car/texture=bird,clip_zeroshot,15,1,4,20,93.7500,80.0000
shape=car/texture=monkey,resnet50,3,1,16,20,75.0000,20.0000
shape=car/texture=monkey,vit_b_16,14,0,6,20,100.0000,70.0000
shape=car/texture=monkey,clip_head,14,1,5,20,93.3333,75.0000
shape=car/texture=monkey,clip_zeroshot,14,0,6,20,100.0000,70.0000
shape=cat/texture=airplane,resnet50,4,1,15,20,80.0000,25.0000
shape=cat/texture=airplane,vit_b_16,10,2,8,20,83.3333,60.0000
shape=cat/texture=airplane,clip_head,5,0,15,20,100.0000,25.0000
shape=cat/texture=airplane,clip_zeroshot,6,1,13,20,85.7143,35.0000
shape=deer/texture=truck,resnet50,11,1,8,20,91.6667,60.0000
shape=deer/texture=truck,vit_b_16,11,0,9,20,100.0000,55.0000
shape=deer/texture=truck,clip_head,11,2,7,20,84.6154,65.0000
shape=deer/texture=truck,clip_zeroshot,12,0,8,20,100.0000,60.0000
shape=dog/texture=ship,resnet50,3,15,2,20,16.6667,90.0000
shape=dog/texture=ship,vit_b_16,10,4,6,20,71.4286,70.0000
shape=dog/texture=ship,clip_head,3,1,16,20,75.0000,20.0000
shape=dog/texture=ship,clip_zeroshot,5,8,7,20,38.4615,65.0000
shape=horse/texture=airplane,resnet50,5,2,13,20,71.4286,35.0000
shape=horse/texture=airplane,vit_b_16,7,2,11,20,77.7778,45.0000
shape=horse/texture=airplane,clip_head,9,1,10,20,90.0000,50.0000
shape=horse/texture=airplane,clip_zeroshot,10,1,9,20,90.9091,55.0000
shape=monkey/texture=car,resnet50,4,3,13,20,57.1429,35.0000
shape=monkey/texture=car,vit_b_16,5,1,14,20,83.3333,30.0000
shape=monkey/texture=car,clip_head,5,0,15,20,100.0000,25.0000
shape=monkey/texture=car,clip_zeroshot,6,1,13,20,85.7143,35.0000
shape=ship/texture=dog,resnet50,1,0,19,20,100.0000,5.0000
shape=ship/texture=dog,vit_b_16,3,2,15,20,60.0000,25.0000
shape=ship/texture=dog,clip_head,4,0,16,20,100.0000,20.0000
shape=ship/texture=dog,clip_zeroshot,7,0,13,20,100.0000,35.0000
shape=truck/texture=deer,resnet50,0,10,10,20,0.0000,50.0000
shape=truck/texture=deer,vit_b_16,5,2,13,20,71.4286,35.0000
shape=truck/texture=deer,clip_head,13,0,7,20,100.0000,65.0000
shape=truck/texture=deer,clip_zeroshot,10,0,10,20,100.0000,50.0000
