backbone,intervention,model,frac_prediction_changed,I_T_prediction_unchanged,I_T_prediction_changed
resnet50,grayscale,resnet50,0.0480,0.7958,0.7045
resnet50,hue_rot_180,resnet50,0.0360,0.8375,0.7490
resnet50,cue_conflict,resnet50,0.8042,0.3621,0.1847
resnet50,patch_shuffle_4x4,resnet50,0.1040,0.7190,0.7004
resnet50,translation_8,resnet50,0.0110,0.9691,0.9578
resnet50,translation_16,resnet50,0.0120,0.9535,0.9257
resnet50,translation_32,resnet50,0.0195,0.9341,0.8975
vit_b_16,grayscale,vit_b_16,0.0300,0.7522,0.6155
vit_b_16,hue_rot_180,vit_b_16,0.0420,0.7191,0.5217
vit_b_16,cue_conflict,vit_b_16,0.5667,0.2858,0.1035
vit_b_16,patch_shuffle_4x4,vit_b_16,0.0740,0.6636,0.5814
vit_b_16,translation_8,vit_b_16,0.0130,0.9479,0.9066
vit_b_16,translation_16,vit_b_16,0.0045,0.9731,0.9348
vit_b_16,translation_32,vit_b_16,0.0115,0.9423,0.8659
clip_vit_b_32,grayscale,clip_head,0.0360,0.9050,0.8481
clip_vit_b_32,grayscale,clip_zeroshot,0.0360,0.9052,0.8418
clip_vit_b_32,hue_rot_180,clip_head,0.0360,0.9078,0.8452
clip_vit_b_32,hue_rot_180,clip_zeroshot,0.0320,0.9077,0.8422
clip_vit_b_32,cue_conflict,clip_head,0.5542,0.6582,0.5902
clip_vit_b_32,cue_conflict,clip_zeroshot,0.5125,0.6572,0.5856
clip_vit_b_32,patch_shuffle_4x4,clip_head,0.1480,0.7365,0.7023
clip_vit_b_32,patch_shuffle_4x4,clip_zeroshot,0.1600,0.7377,0.6983
clip_vit_b_32,translation_8,clip_head,0.0115,0.9809,0.9716
clip_vit_b_32,translation_8,clip_zeroshot,0.0225,0.9810,0.9717
clip_vit_b_32,translation_16,clip_head,0.0150,0.9678,0.9450
clip_vit_b_32,translation_16,clip_zeroshot,0.0230,0.9679,0.9507
clip_vit_b_32,translation_32,clip_head,0.0160,0.9701,0.9394
clip_vit_b_32,translation_32,clip_zeroshot,0.0205,0.9701,0.9480
