model,n_shape,n_texture,n_other,n_total,shape_bias_pct,coverage_pct,mean_max_confidence,alpha
resnet50,47,44,149,240,51.6484,37.9167,0.8554,1.0000
vit_b_16,102,23,115,240,81.6000,52.0833,0.6366,1.0000
clip_head,106,9,125,240,92.1739,47.9167,0.5071,1.0000
clip_zeroshot,115,14,111,240,89.1473,53.7500,0.5778,1.0000
resnet50,186,3,51,240,98.4127,78.7500,0.9243,0.5000
vit_b_16,215,2,23,240,99.0783,90.4167,0.8956,0.5000
clip_head,209,0,31,240,100.0000,87.0833,0.8296,0.5000
clip_zeroshot,215,0,25,240,100.0000,89.5833,0.8551,0.5000
resnet50,106,15,119,240,87.6033,50.4167,0.8654,0.7500
vit_b_16,167,9,64,240,94.8864,73.3333,0.7701,0.7500
clip_head,168,1,71,240,99.4083,70.4167,0.6860,0.7500
clip_zeroshot,180,1,59,240,99.4475,75.4167,0.7308,0.7500
