model,intervention,clean_accuracy,accuracy,accuracy_change,relative_accuracy,macro_f1,prediction_consistency,mean_max_confidence,clean_mean_max_confidence,degrees
resnet50,hue_0,0.9800,0.9800,0.0000,1.0000,0.9800,1.0000,0.9757,0.9757,0
vit_b_16,hue_0,0.9780,0.9780,0.0000,1.0000,0.9780,1.0000,0.9714,0.9714,0
clip_head,hue_0,0.9880,0.9880,0.0000,1.0000,0.9880,1.0000,0.9637,0.9637,0
clip_zeroshot,hue_0,0.9740,0.9740,0.0000,1.0000,0.9739,1.0000,0.9509,0.9509,0
resnet50,hue_45,0.9800,0.9400,-0.0400,0.9592,0.9402,0.9520,0.9738,0.9757,45
vit_b_16,hue_45,0.9780,0.9740,-0.0040,0.9959,0.9740,0.9860,0.9597,0.9714,45
clip_head,hue_45,0.9880,0.9520,-0.0360,0.9636,0.9519,0.9640,0.9448,0.9637,45
clip_zeroshot,hue_45,0.9740,0.9620,-0.0120,0.9877,0.9620,0.9720,0.9398,0.9509,45
resnet50,hue_90,0.9800,0.9200,-0.0600,0.9388,0.9203,0.9320,0.9689,0.9757,90
vit_b_16,hue_90,0.9780,0.9600,-0.0180,0.9816,0.9601,0.9580,0.9482,0.9714,90
clip_head,hue_90,0.9880,0.9500,-0.0380,0.9615,0.9499,0.9540,0.9295,0.9637,90
clip_zeroshot,hue_90,0.9740,0.9480,-0.0260,0.9733,0.9479,0.9620,0.9336,0.9509,90
resnet50,hue_135,0.9800,0.9300,-0.0500,0.9490,0.9301,0.9380,0.9655,0.9757,135
vit_b_16,hue_135,0.9780,0.9500,-0.0280,0.9714,0.9503,0.9500,0.9484,0.9714,135
clip_head,hue_135,0.9880,0.9600,-0.0280,0.9717,0.9600,0.9600,0.9265,0.9637,135
clip_zeroshot,hue_135,0.9740,0.9480,-0.0260,0.9733,0.9478,0.9580,0.9342,0.9509,135
resnet50,hue_180,0.9800,0.9560,-0.0240,0.9755,0.9561,0.9640,0.9738,0.9757,180
vit_b_16,hue_180,0.9780,0.9560,-0.0220,0.9775,0.9562,0.9580,0.9486,0.9714,180
clip_head,hue_180,0.9880,0.9620,-0.0260,0.9737,0.9621,0.9640,0.9287,0.9637,180
clip_zeroshot,hue_180,0.9740,0.9560,-0.0180,0.9815,0.9559,0.9680,0.9335,0.9509,180
