backbone,intervention,n,I_T,I_T_std,random_pair_cosine,normalized_stability
resnet50,grayscale,500,0.7914,0.0939,0.2527,0.7209
resnet50,hue_rot_180,500,0.8343,0.0870,0.2527,0.7782
resnet50,cue_conflict,240,0.2194,0.1194,0.2541,-0.0465
resnet50,patch_shuffle_4x4,500,0.7171,0.0777,0.2527,0.6214
resnet50,translation_8,2000,0.9690,0.0174,0.2521,0.9585
resnet50,translation_16,2000,0.9532,0.0275,0.2521,0.9374
resnet50,translation_32,2000,0.9333,0.0402,0.2521,0.9109
vit_b_16,grayscale,500,0.7481,0.1212,0.0939,0.7220
vit_b_16,hue_rot_180,500,0.7108,0.1564,0.0939,0.6808
vit_b_16,cue_conflict,240,0.1825,0.1524,0.0959,0.0958
vit_b_16,patch_shuffle_4x4,500,0.6575,0.1119,0.0939,0.6220
vit_b_16,translation_8,2000,0.9473,0.0319,0.0909,0.9421
vit_b_16,translation_16,2000,0.9729,0.0302,0.0909,0.9702
vit_b_16,translation_32,2000,0.9414,0.0518,0.0909,0.9356
clip_vit_b_32,grayscale,500,0.9029,0.0389,0.6156,0.7475
clip_vit_b_32,hue_rot_180,500,0.9056,0.0475,0.6156,0.7543
clip_vit_b_32,cue_conflict,240,0.6205,0.0887,0.6088,0.0301
clip_vit_b_32,patch_shuffle_4x4,500,0.7314,0.0579,0.6156,0.3012
clip_vit_b_32,translation_8,2000,0.9808,0.0115,0.6158,0.9499
clip_vit_b_32,translation_16,2000,0.9675,0.0183,0.6158,0.9154
clip_vit_b_32,translation_32,2000,0.9696,0.0210,0.6158,0.9210
