set,a,b,rejected_by_a_only,rejected_by_b_only,both
near,mls,msp,0.0838,0.0488,0.2587
near,energy,msp,0.0925,0.0675,0.2400
near,energy,mls,0.0088,0.0187,0.3237
near,energy,mahalanobis,0.0975,0.0612,0.2350
near,mahalanobis,msp,0.0350,0.0462,0.2612
near,mahalanobis,mls,0.0488,0.0950,0.2475
far,mls,msp,0.1425,0.0437,0.4263
far,energy,msp,0.1575,0.0537,0.4163
far,energy,mls,0.0150,0.0100,0.5587
far,energy,mahalanobis,0.1100,0.0813,0.4637
far,mahalanobis,msp,0.0963,0.0213,0.4487
far,mahalanobis,mls,0.0762,0.1000,0.4688
test,mls,msp,0.0144,0.0141,0.0382
test,energy,msp,0.0162,0.0176,0.0347
test,energy,mls,0.0018,0.0035,0.0491
test,energy,mahalanobis,0.0176,0.0199,0.0333
test,mahalanobis,msp,0.0096,0.0087,0.0436
test,mahalanobis,mls,0.0168,0.0162,0.0364
