name,closed_set_accuracy,auroc_near,auroc_far,auroc_all,tau,val_acceptance,test_known_acceptance,near_rejection,far_rejection,all_rejection,fpr95_near,fpr95_far,fpr95_all
vanilla_mls,0.9494,0.8058,0.8993,0.8526,-5.8614,0.9500,0.9474,0.3425,0.5687,0.4556,0.6575,0.4313,0.5444
gcsc_mls,0.9521,0.8135,0.9004,0.8570,-6.4154,0.9500,0.9460,0.3862,0.5913,0.4888,0.6138,0.4088,0.5112
proser_mls,0.9360,0.8420,0.9225,0.8823,-3.5542,0.9500,0.9445,0.3588,0.5737,0.4662,0.6412,0.4263,0.5337
proser_placeholder,0.9360,0.7820,0.9188,0.8504,9.1984,0.9500,0.9484,0.2637,0.5563,0.4100,0.7362,0.4437,0.5900
proser_dummy_prob,0.9360,0.7794,0.9183,0.8489,0.9999,0.9500,0.9504,0.2425,0.5450,0.3937,0.7575,0.4550,0.6062
rpl_softmax_max,0.9490,0.7599,0.8830,0.8214,0.4054,0.9500,0.9449,0.3250,0.4913,0.4081,0.6750,0.5088,0.5919
rpl_max_distance,0.9490,0.5823,0.6387,0.6105,-10.3508,0.9500,0.9445,0.2512,0.3588,0.3050,0.7488,0.6412,0.6950
proser_last_mls,0.9344,0.8391,0.9194,0.8793,-2.9740,0.9500,0.9459,0.3463,0.5625,0.4544,0.6538,0.4375,0.5456
proser_last_placeholder,0.9344,0.8177,0.9102,0.8640,4.2275,0.9500,0.9519,0.2725,0.5275,0.4000,0.7275,0.4725,0.6000
proser_last_dummy_prob,0.9344,0.8159,0.9081,0.8620,0.9796,0.9500,0.9516,0.2575,0.4975,0.3775,0.7425,0.5025,0.6225
